Indices,jul.ago.set.2018,out.nov.dez.2018,jan.fev.mar.2019,abr.mai.jun.2019,jul.ago.set.2019,out.nov.dez.2019,jan.fev.mar.2020,abr.mai.jun.2020,Região
Taxa de desocupação,11.9,11.6,12.7,12,11.8,11,12.2,13.3,Brasil
Nível da ocupação,54.4,54.5,53.9,54.6,54.8,55.1,53.5,47.9,Brasil
Taxa de participação na força de trabalho,61.7,61.7,61.7,62.1,62.1,61.9,61,55.3,Brasil
Total,170311,170566,170500,170864,171158,171613,172354,173918,Brasil
Na força de trabalho,105114,105197,105250,106108,106315,106184,105073,96138,Brasil
Ocupada,92622,93002,91863,93342,93801,94552,92223,83347,Brasil
Desocupada,12492,12195,13387,12766,12515,11632,12850,12791,Brasil
Fora da força de trabalho,65198,65369,65250,64756,64843,65429,67281,77781,Brasil
Empregado,62475,62447,61512,62628,62872,63520,61742,55867,Brasil
Setor privado (exclusive trabalhador doméstico),44483,44539,44042,44713,44912,45523,44119,38793,Brasil
Com carteira,32972,32997,32918,33213,33075,33668,33096,30154,Brasil
Sem carteira,11511,11542,11124,11500,11838,11855,11023,8639,Brasil
Trabalhador doméstico,6259,6274,6108,6254,6276,6356,5971,4714,Brasil
Com carteira,1811,1781,1768,1779,1740,1770,1640,1411,Brasil
Sem carteira,4448,4493,4340,4476,4536,4585,4331,3303,Brasil
Setor público,11732,11634,11362,11661,11683,11641,11652,12360,Brasil
Com carteira,1293,1230,1224,1329,1268,1191,1204,1251,Brasil
Militar e funcionário público estatutário,7879,7932,7989,7870,7839,7951,8106,8646,Brasil
Sem carteira,2560,2472,2150,2462,2577,2498,2342,2463,Brasil
Empregador,4429,4532,4435,4369,4368,4442,4385,3955,Brasil
Com CNPJ,3525,3624,3587,3496,3567,3636,3584,3290,Brasil
Sem CNPJ,904,908,848,873,801,806,800,665,Brasil
Conta própria,23496,23848,23750,24141,24434,24557,24159,21664,Brasil
Com CNPJ,4577,4698,4762,4750,4930,5101,5444,5364,Brasil
Sem CNPJ,18919,19150,18988,19392,19504,19456,18714,16300,Brasil
Trabalhador familiar auxiliar,2222,2175,2166,2203,2127,2033,1938,1861,Brasil
"Agricultura, pecuária, produção florestal, pesca e aquicultura",8758,8455,8422,8655,8511,8333,8266,7976,Brasil
Indústria geral,11860,11798,11667,11986,12054,12166,11844,10727,Brasil
Construção,6790,6824,6518,6605,6859,6820,6380,5323,Brasil
"Comércio, reparação de veículos automotores e motocicletas",17522,17788,17542,17531,17633,18009,17381,15244,Brasil
"Transporte, armazenagem e correio",4600,4756,4790,4862,4870,4896,4870,4341,Brasil
Alojamento e alimentação,5383,5398,5424,5417,5484,5663,5355,4006,Brasil
"Informação, comunicação e atividades financeiras, imobiliárias, profissionais e administrativas",10171,10362,10467,10509,10560,10570,10625,10064,Brasil
"Administração pública, defesa, seguridade social, educação, saúde humana e serviços sociais",16305,16359,15981,16451,16480,16529,16525,16789,Brasil
Outros serviços,4927,4941,4838,4988,5001,5152,4940,4117,Brasil
Serviços domésticos,6264,6279,6150,6301,6335,6391,6016,4746,Brasil
Taxa de desocupação,8.9,8.2,10.7,10.5,10.8,10.4,11.3,12.8,Goiás
Nível da ocupação,59.2,59.9,58.7,58.9,59.5,59.5,57.6,52.1,Goiás
Taxa de participação na força de trabalho,65,65.3,65.7,65.8,66.7,66.4,65,59.8,Goiás
Total,5560,5552,5667,5685,5731,5726,5748,5819,Goiás
Na força de trabalho,3616,3623,3724,3741,3821,3802,3735,3480,Goiás
Ocupada,3293,3327,3327,3348,3407,3406,3311,3034,Goiás
Desocupada,322,297,397,393,414,396,423,446,Goiás
Fora da força de trabalho,1944,1928,1942,1944,1910,1923,2014,2339,Goiás
Empregado,2244,2253,2235,2274,2306,2322,2258,2072,Goiás
Setor privado (exclusive trabalhador doméstico),1554,1586,1570,1580,1615,1622,1588,1457,Goiás
Com carteira,1118,1130,1137,1150,1168,1163,1155,1124,Goiás
Sem carteira,436,456,433,430,447,459,433,333,Goiás
Trabalhador doméstico,262,237,245,261,260,273,249,205,Goiás
Com carteira,82,80,85,88,87,91,75,65,Goiás
Sem carteira,181,156,160,173,173,182,174,140,Goiás
Setor público,427,430,419,434,430,428,421,409,Goiás
Com carteira,28,22,16,23,24,22,14,13,Goiás
Militar e funcionário público estatutário,291,299,311,318,316,320,327,320,Goiás
Sem carteira,108,110,92,92,91,86,81,77,Goiás
Empregador,178,182,187,186,184,177,183,146,Goiás
Com CNPJ,139,142,149,146,148,145,139,118,Goiás
Sem CNPJ,38,40,38,41,36,33,44,28,Goiás
Conta própria,839,850,872,852,873,871,841,786,Goiás
Com CNPJ,181,174,173,160,159,173,182,178,Goiás
Sem CNPJ,658,676,699,692,714,699,659,608,Goiás
Trabalhador familiar auxiliar,33,42,33,36,44,35,29,30,Goiás
"Agricultura, pecuária, produção florestal, pesca e aquicultura",307,316,294,293,286,293,307,281,Goiás
Indústria geral,427,439,436,456,458,419,457,416,Goiás
Construção,251,255,250,255,290,290,251,245,Goiás
"Comércio, reparação de veículos automotores e motocicletas",663,656,675,673,725,736,678,626,Goiás
"Transporte, armazenagem e correio",147,154,163,151,134,129,140,140,Goiás
Alojamento e alimentação,189,184,197,188,189,209,194,141,Goiás
"Informação, comunicação e atividades financeiras, imobiliárias, profissionais e administrativas",317,327,326,319,318,322,310,288,Goiás
"Administração pública, defesa, seguridade social, educação, saúde humana e serviços sociais",552,571,557,563,558,561,552,540,Goiás
Outros serviços,178,187,182,187,187,175,172,148,Goiás
Serviços domésticos,262,237,248,263,262,273,250,206,Goiás
Taxa de desocupação,7.2,7,9.5,8.3,7.5,6.5,7.6,11.4,Mato Grosso do Sul
Nível da ocupação,62.5,61.9,60.1,62.2,61.3,61,59.3,53.2,Mato Grosso do Sul
Taxa de participação na força de trabalho,67.3,66.6,66.4,67.8,66.3,65.3,64.2,60,Mato Grosso do Sul
Total,2123,2152,2149,2145,2158,2177,2179,2191,Mato Grosso do Sul
Na força de trabalho,1430,1433,1427,1455,1431,1422,1399,1315,Mato Grosso do Sul
Ocupada,1327,1333,1291,1335,1323,1329,1292,1165,Mato Grosso do Sul
Desocupada,103,100,135,120,108,93,107,150,Mato Grosso do Sul
Fora da força de trabalho,693,719,722,690,726,756,780,876,Mato Grosso do Sul
Empregado,929,935,908,955,943,922,879,798,Mato Grosso do Sul
Setor privado (exclusive trabalhador doméstico),625,618,608,633,636,624,592,516,Mato Grosso do Sul
Com carteira,487,482,464,476,466,462,443,400,Mato Grosso do Sul
Sem carteira,138,136,144,156,169,162,149,116,Mato Grosso do Sul
Trabalhador doméstico,107,114,108,111,111,104,107,89,Mato Grosso do Sul
Com carteira,36,36,36,35,38,33,34,25,Mato Grosso do Sul
Sem carteira,70,78,72,76,73,72,73,64,Mato Grosso do Sul
Setor público,198,203,193,211,195,193,180,193,Mato Grosso do Sul
Com carteira,10,8,6,8,11,11,9,7,Mato Grosso do Sul
Militar e funcionário público estatutário,141,148,144,141,128,125,130,139,Mato Grosso do Sul
Sem carteira,47,48,43,62,56,57,41,47,Mato Grosso do Sul
Empregador,73,77,79,85,89,88,78,67,Mato Grosso do Sul
Com CNPJ,54,56,60,64,64,64,58,50,Mato Grosso do Sul
Sem CNPJ,20,21,20,22,26,25,20,16,Mato Grosso do Sul
Conta própria,306,300,285,279,280,300,320,286,Mato Grosso do Sul
Com CNPJ,63,67,58,57,59,59,72,66,Mato Grosso do Sul
Sem CNPJ,242,234,227,222,222,241,247,220,Mato Grosso do Sul
Trabalhador familiar auxiliar,18,20,19,16,11,19,16,14,Mato Grosso do Sul
"Agricultura, pecuária, produção florestal, pesca e aquicultura",169,168,161,164,159,161,153,152,Mato Grosso do Sul
Indústria geral,120,129,125,143,132,132,133,120,Mato Grosso do Sul
Construção,106,103,94,107,107,100,96,83,Mato Grosso do Sul
"Comércio, reparação de veículos automotores e motocicletas",258,265,241,241,251,267,256,225,Mato Grosso do Sul
"Transporte, armazenagem e correio",56,53,56,55,53,55,59,43,Mato Grosso do Sul
Alojamento e alimentação,73,66,73,69,64,72,77,57,Mato Grosso do Sul
"Informação, comunicação e atividades financeiras, imobiliárias, profissionais e administrativas",113,116,123,121,120,122,108,102,Mato Grosso do Sul
"Administração pública, defesa, seguridade social, educação, saúde humana e serviços sociais",249,250,239,259,252,245,232,236,Mato Grosso do Sul
Outros serviços,77,67,71,64,75,72,70,58,Mato Grosso do Sul
Serviços domésticos,107,114,109,112,112,104,107,89,Mato Grosso do Sul
Taxa de desocupação,6.7,6.9,6.9,8.3,8,6.4,8.5,10.2,Mato Grosso
Nível da ocupação,60.6,61.5,65.1,62.5,62.5,62.4,61.3,57.4,Mato Grosso
Taxa de participação na força de trabalho,65,66,66,68.1,67.9,66.6,67,63.9,Mato Grosso
Total,2719,2703,2703,2713,2716,2714,2739,2772,Mato Grosso
Na força de trabalho,1768,1785,1785,1847,1845,1808,1835,1773,Mato Grosso
Ocupada,1649,1662,1662,1695,1698,1693,1679,1592,Mato Grosso
Desocupada,119,123,123,153,148,116,156,181,Mato Grosso
Fora da força de trabalho,952,918,918,865,871,906,905,1000,Mato Grosso
Empregado,1113,1090,1090,1106,1143,1142,1130,1041,Mato Grosso
Setor privado (exclusive trabalhador doméstico),789,770,770,780,811,832,805,723,Mato Grosso
Com carteira,615,595,595,599,626,639,617,553,Mato Grosso
Sem carteira,174,175,175,181,186,193,189,170,Mato Grosso
Trabalhador doméstico,110,114,114,116,124,116,120,105,Mato Grosso
Com carteira,37,36,36,37,36,35,38,38,Mato Grosso
Sem carteira,72,77,77,79,87,80,81,67,Mato Grosso
Setor público,214,206,206,210,209,195,205,213,Mato Grosso
Com carteira,11,10,10,9,8,8,6,8,Mato Grosso
Militar e funcionário público estatutário,140,140,140,133,128,124,142,146,Mato Grosso
Sem carteira,63,56,56,68,72,63,57,58,Mato Grosso
Empregador,82,88,88,76,78,77,80,87,Mato Grosso
Com CNPJ,64,71,71,63,63,63,58,68,Mato Grosso
Sem CNPJ,17,17,17,13,14,14,22,19,Mato Grosso
Conta própria,418,442,442,467,437,442,438,435,Mato Grosso
Com CNPJ,76,79,79,86,83,79,93,98,Mato Grosso
Sem CNPJ,343,362,362,382,354,363,345,338,Mato Grosso
Trabalhador familiar auxiliar,36,43,43,45,39,31,32,28,Mato Grosso
"Agricultura, pecuária, produção florestal, pesca e aquicultura",270,273,273,279,274,260,255,259,Mato Grosso
Indústria geral,168,173,173,157,154,166,154,149,Mato Grosso
Construção,119,127,127,131,130,122,123,119,Mato Grosso
"Comércio, reparação de veículos automotores e motocicletas",323,329,329,341,348,356,356,327,Mato Grosso
"Transporte, armazenagem e correio",79,82,82,88,88,89,89,72,Mato Grosso
Alojamento e alimentação,84,83,83,99,100,104,86,83,Mato Grosso
"Informação, comunicação e atividades financeiras, imobiliárias, profissionais e administrativas",149,143,143,140,141,149,158,147,Mato Grosso
"Administração pública, defesa, seguridade social, educação, saúde humana e serviços sociais",269,270,270,276,266,254,255,261,Mato Grosso
Outros serviços,79,68,68,68,74,77,84,64,Mato Grosso
Serviços domésticos,110,114,114,117,124,116,120,105,Mato Grosso
IMPOSTO SOBRE IMPORTAÇÃO,33982761,33982761,30171204.6666667,35451924.8666667,36805594.41,37232950.2666667,39065858.8,25169034.58,Goiás
IMPOSTO SOBRE EXPORTAÇÃO,10389,10389,22310.6666666667,16008.1666666667,2594.09666666667,20686.7666666667,735.443333333333,1.35333333333333,Goiás
IPI - TOTAL,40840556,40840556,53275615.6666667,44359081.2133333,38469822.8633333,48719663.8066667,35761173.46,24457977.8633333,Goiás
  IPI - FUMO,52312,52312,39139.6666666667,52754.1366666667,44990.8933333333,51679.49,64198.48,61111.8833333333,Goiás
  IPI - BEBIDAS,8320959,8320959,10462333.3333333,6048326.52333333,8638444.36,11058720.34,7529163.06,6188768.19,Goiás
  IPI - AUTOMÓVEIS,4948150,4948150,12939730,11147872.2733333,1121690.36666667,3699437.85333333,767059.97,13111.92,Goiás
  IPI - VINCULADO À IMPORTACAO,4177672,4177672,3869281,4626026.90666667,4138512.29333333,5837049.25666667,3147557.03333333,3447605.76,Goiás
  IPI - OUTROS,23341462,23341462,25965131.3333333,22484101.7066667,24526184.95,28072776.8666667,24253194.9166667,14747380.11,Goiás
IMPOSTO SOBRE A RENDA - TOTAL,412370797,412370797,407149417.333333,451404857.253333,379014628.64,422796288.126667,431170982.52,382688608.92,Goiás
  IRPF,79712357,79712357,27937429,157325092.84,68625490.2766667,70400760.4733333,41879027.5633333,112106339.976667,Goiás
  IRPJ,190188605,190188605,232167210.666667,159952474.55,176843723.033333,199411982.816667,231603521.573333,141152714.676667,Goiás
    ENTIDADES FINANCEIRAS,638752,638752,363566,487034.213333333,685397.626666667,837402.52,666128.566666667,792982.683333333,Goiás
    DEMAIS EMPRESAS,189549853,189549853,231803645,159465440.67,176158325.406667,198574580.296667,230937393.006667,140359731.993333,Goiás
  IMPOSTO S/ RENDA RETIDO NA FONTE,142469836,142469836,147044777.333333,134127289.53,133545415.33,152983544.836667,157688433.383333,129429554.266667,Goiás
    IRRF - RENDIMENTOS DO TRABALHO,117672878,117672878,119564125,110919724.126667,106649659.723333,128166744.28,132526679.773333,108210333.123333,Goiás
    IRRF - RENDIMENTOS DO CAPITAL,11319827,11319827,15484443.3333333,10058757.8233333,10700967.0433333,10018457.84,13800973.2866667,7855362.34,Goiás
    IRRF - REMESSAS P/ EXTERIOR,6185889,6185889,5212054,5843877.63333333,8759386.47,6617818.26,3948868.09666667,6733327.90666667,Goiás
    IRRF - OUTROS RENDIMENTOS,7291243,7291243,6784155.66666667,7304930.28,7435402.09333333,8180524.45666667,7411912.22666667,6630530.89666667,Goiás
IMPOSTO S/ OPERAÇÕES FINANCEIRAS,10007590,10007590,9828229,10714685.4433333,11763752.4,13124067.0966667,11664690.6533333,2950117.83666667,Goiás
IMPOSTO TERRITORIAL RURAL,11313535,11313535,3618149.33333333,1934345.08333333,39065969.7433333,18573008.19,2822985.85333333,1866750.43,Goiás
COFINS,230597079,230597079,251734288,251749170.06,254101532.46,263032050.46,256715453.526667,106249978.96,Goiás
   FINANCEIRAS,427996,427996,406762,388557.533333333,471107.413333333,471309.42,479165.256666667,351076.856666667,Goiás
   DEMAIS,230169083,230169083,251327526.333333,251360612.526667,253630425.046667,262560741.04,256236288.27,105898902.103333,Goiás
CONTRIBUIÇÃO PARA O PIS/PASEP,86312617,86312617,91790436.3333333,85359590.77,95966315.92,98940409.68,94927732.9466667,50891217.7,Goiás
   FINANCEIRAS,67639,67639,64903,61574.9766666667,74467.5633333333,73968.97,76049.4,54871.6066666667,Goiás
   DEMAIS,86244978,86244978,91725533,85298015.7933333,95891848.3566667,98866440.71,94851683.5466667,50836346.0933333,Goiás
CSLL,97703074,97703074,111652441.666667,86308423.5066667,93621117.7,104961552.723333,114535806.386667,75139103.4466667,Goiás
  FINANCEIRAS,440217,440217,259128.666666667,335759.006666667,470714.853333333,530821.96,464623.843333333,580251.64,Goiás
  DEMAIS,97262858,97262858,111393313.666667,85972664.5,93150402.8466667,104430730.763333,114071182.543333,74558851.8066667,Goiás
CIDE-COMBUSTÍVEIS,1222,1222,790,148.666666666667,0,0,4785.26,1608.80333333333,Goiás
CPSSS - Contrib. p/ o Plano de Segurid. Social Serv. Público,42598289,42598289,39255913,35700667.7,41482533.8066667,51243041.5933333,41144345.77,46763229.9433333,Goiás
OUTRAS RECEITAS ADMINISTRADAS,12363458,12363458,9370589,14298299.2033333,17991357.5133333,16669956.28,10432522.67,5418024.62666667,Goiás
IMPOSTO SOBRE IMPORTAÇÃO,256935,256935,249691.656666667,207648.783333333,239605.073333333,538208.153333333,246523.693333333,59932.9033333333,Mato Grosso do Sul
IMPOSTO SOBRE EXPORTAÇÃO,1018,1018,-57.6666666666667,-57.2466666666667,2941.77666666667,3171.99,163.233333333333,-54.96,Mato Grosso do Sul
IPI - TOTAL,8394053,8394053,10423677.4233333,9317063.1,8791986.56333333,9456901.15333333,8215972.78,4158715.18,Mato Grosso do Sul
  IPI - FUMO,166,166,0,0,993.13,0,0,0,Mato Grosso do Sul
  IPI - BEBIDAS,1032121,1032121,986552.386666667,865445.803333333,1215309.46,1226928.16,1543492.41666667,354999.766666667,Mato Grosso do Sul
  IPI - AUTOMÓVEIS,14388,14388,45227.55,16216.04,8400.04,7880.59333333333,4282.92,4320.94333333333,Mato Grosso do Sul
  IPI - VINCULADO À IMPORTACAO,493440,493440,1342103.55333333,139575.503333333,854658.85,281856.446666667,128995.36,213450.426666667,Mato Grosso do Sul
  IPI - OUTROS,6856450,6856450,8064869.78333333,8295825.75333333,6712625.08333333,7940235.95333333,6539202.08333333,3585944.04333333,Mato Grosso do Sul
IMPOSTO SOBRE A RENDA - TOTAL,178938485,178938485,160811591.086667,216815739.113333,164275295.806667,183891520.046667,160374718.236667,187462044.516667,Mato Grosso do Sul
  IRPF,42274104,42274104,14288709.4233333,85038335.3433333,42084012.53,32032217.45,15251599.9633333,64949747.4466667,Mato Grosso do Sul
  IRPJ,76116702,76116702,86505292.5033333,74686879.19,66275782.6633333,84269677.1966667,78968655.97,65993923.56,Mato Grosso do Sul
    ENTIDADES FINANCEIRAS,213961,213961,161426.453333333,211994.836666667,202719.566666667,275374.306666667,241433.49,190817.986666667,Mato Grosso do Sul
    DEMAIS EMPRESAS,75902741,75902741,86343866.05,74474884.3533333,66073063.0966667,83994302.89,78727222.48,65803105.5733333,Mato Grosso do Sul
  IMPOSTO S/ RENDA RETIDO NA FONTE,60547679,60547679,60017589.8266667,57090524.9133333,55915500.6133333,67589625.4,66154462.3033333,56518373.51,Mato Grosso do Sul
    IRRF - RENDIMENTOS DO TRABALHO,47907069,47907069,47602817.97,46157763.0933333,44065252.33,53564501.7766667,52289562.6766667,43762517.6433333,Mato Grosso do Sul
    IRRF - RENDIMENTOS DO CAPITAL,5062806,5062806,5610705.79666667,4238202.03666667,5246845.28,4798176.44333333,6285441.19,4197463.63333333,Mato Grosso do Sul
    IRRF - REMESSAS P/ EXTERIOR,4653159,4653159,3579782.52333333,4181321.9,3870946.52,5482772.26,4523278.33333333,6280850.85333333,Mato Grosso do Sul
    IRRF - OUTROS RENDIMENTOS,2924646,2924646,3224283.20333333,2513237.55,2732456.48333333,3744174.92,3056180.10333333,2277541.38,Mato Grosso do Sul
IMPOSTO S/ OPERAÇÕES FINANCEIRAS,6235733,6235733,5298074.52,7482530.90666667,7916936.21333333,8271582.55,6739356.13,1705920.25666667,Mato Grosso do Sul
IMPOSTO TERRITORIAL RURAL,16600604,16600604,3670757.40666667,3372581.95666667,48975123.9533333,36465765.5133333,4808472.63333333,2310924.03666667,Mato Grosso do Sul
COFINS,85502502,85502502,91219214.6666667,90124708.21,94447899.2466667,102378159.846667,92978476.42,41866553,Mato Grosso do Sul
   FINANCEIRAS,11077,11077,9693.01666666667,9982.20333333333,9858.39333333333,11591.2233333333,14094.74,11243.4466666667,Mato Grosso do Sul
   DEMAIS,85491425,85491425,91209521.65,90114726.0066667,94438040.8533333,102366568.623333,92964381.68,41855309.5533333,Mato Grosso do Sul
CONTRIBUIÇÃO PARA O PIS/PASEP,34328765,34328765,34943776.3233333,34108226.9566667,36648687.8533333,37473463.2366667,38776762.1466667,24021672.8633333,Mato Grosso do Sul
   FINANCEIRAS,1833,1833,1536.95,1604.58333333333,1595.94333333333,1927.65666666667,2473.44333333333,1859.37,Mato Grosso do Sul
   DEMAIS,34326932,34326932,34942239.3733333,34106622.3733333,36647091.91,37471535.58,38774288.7033333,24019813.4933333,Mato Grosso do Sul
CSLL,39181226,39181226,43907496.2566667,37801569.4933333,35360861.4133333,43297876.65,40861939.13,33857610.3833333,Mato Grosso do Sul
  FINANCEIRAS,180644,180644,174232.223333333,154479.283333333,146635.116666667,182831.706666667,276059.826666667,149627.206666667,Mato Grosso do Sul
  DEMAIS,39000581,39000581,43733263.7,37647090.5433333,35214226.2966667,43115044.9433333,40585879.3033333,33707983.1766667,Mato Grosso do Sul
CIDE-COMBUSTÍVEIS,16470,16470,0,0,0,44649.6,54171.4566666667,0,Mato Grosso do Sul
CPSSS - Contrib. p/ o Plano de Segurid. Social Serv. Público,23959989,23959989,22086157.1433333,21815064.07,21908792.27,28805590.16,23054829.8466667,26089503.2833333,Mato Grosso do Sul
OUTRAS RECEITAS ADMINISTRADAS,2782331,2782331,4885314.75333333,3685078.58,2303123.54333333,2986825.87333333,1691150.36,1142492.14,Mato Grosso do Sul
IMPOSTO SOBRE IMPORTAÇÃO,2868944,2868944,1807591.33333333,3486209.45666667,3284155.73666667,2493171.97,3355505.59666667,2787030.18,Mato Grosso
IMPOSTO SOBRE EXPORTAÇÃO,2476,2476,326,2851.26,5892.69666666667,4606.35,840.74,340.346666666667,Mato Grosso
IPI - TOTAL,11313613,11313613,10812676.6666667,10265376.7833333,13505459.8366667,13647893.7833333,11874347.6633333,7775922.23,Mato Grosso
  IPI - FUMO,26,26,0,0,0,158.08,0,0,Mato Grosso
  IPI - BEBIDAS,6396858,6396858,6910412.66666667,5093301.99,7203991.48,8213396.00666667,6847070.71666667,4112976.13333333,Mato Grosso
  IPI - AUTOMÓVEIS,13478,13478,52927.5,7517,6302.22333333333,0,6590.88,7531.06333333333,Mato Grosso
  IPI - VINCULADO À IMPORTACAO,1245424,1245424,526217.333333333,1324484.34,1906625.10333333,989367.22,1853787.45333333,872063.17,Mato Grosso
  IPI - OUTROS,3660767,3660767,3340761.66666667,3840073.45333333,4388541.03,4444972.47666667,3166898.61333333,2783351.86333333,Mato Grosso
IMPOSTO SOBRE A RENDA - TOTAL,250659583,250659583,230148671,263765804.076667,226453724.003333,249643379.393333,266515470.163333,267430446.95,Mato Grosso
  IRPF,46555054,46555054,15095529.6666667,86475932.3766667,39637148.6033333,36739959.51,17965428.8133333,83416322.3933333,Mato Grosso
  IRPJ,116220441,116220441,127496785.666667,93767244.3666667,102954353.916667,118257617.436667,151710008.636667,103136636.543333,Mato Grosso
    ENTIDADES FINANCEIRAS,729341,729341,478964,585824.623333333,719671.046666667,777397.07,973824.93,840362.163333334,Mato Grosso
    DEMAIS EMPRESAS,115491100,115491100,127017821.666667,93181419.7433334,102234682.87,117480220.366667,150736183.706667,102296274.38,Mato Grosso
  IMPOSTO S/ RENDA RETIDO NA FONTE,87884088,87884088,87556355.6666667,83522627.3333333,83862221.4833333,94645802.4466667,96840032.7133333,80877488.0133333,Mato Grosso
    IRRF - RENDIMENTOS DO TRABALHO,70667200,70667200,71833723.3333333,66723670.25,66461943.37,76324121.8666667,77323649.8266667,65336089.4966667,Mato Grosso
    IRRF - RENDIMENTOS DO CAPITAL,7939959,7939959,8498115,6320145.41333333,6987207.18666667,8713105.84,10407974.6833333,6713204.57666667,Mato Grosso
    IRRF - REMESSAS P/ EXTERIOR,5096231,5096231,3259692.66666667,6483105.86333333,6079400.98333333,4954049.03333333,4915098.22666667,4886041.09333333,Mato Grosso
    IRRF - OUTROS RENDIMENTOS,4180698,4180698,3964825,3995706.14,4333669.94333333,4654525.70666667,4193309.97666667,3942152.84666667,Mato Grosso
IMPOSTO S/ OPERAÇÕES FINANCEIRAS,13900349,13900349,12389403.3333333,15917423.03,16640867.37,18753771.8166667,14961506.0766667,4739121.98,Mato Grosso
IMPOSTO TERRITORIAL RURAL,14910087,14910087,4412840.66666667,3755317.79333333,48459646.38,25684240.63,4092765.83,3055710.85333333,Mato Grosso
COFINS,135192424,135192424,143150666,140561646.63,149951610.773333,159180096.683333,150339975.773333,67970547.34,Mato Grosso
   FINANCEIRAS,223005,223005,235342.333333333,226817.87,223762.25,241539.643333333,255756.6,154813.573333333,Mato Grosso
   DEMAIS,134969419,134969419,142915324,140334828.76,149727848.523333,158938557.04,150084219.173333,67815733.7666667,Mato Grosso
CONTRIBUIÇÃO PARA O PIS/PASEP,50964803,50964803,51492723,52504702.9933333,53638263.5166667,59732613.1833333,59307978.84,29112536.4333333,Mato Grosso
   FINANCEIRAS,36138,36138,39675.3333333333,38237.85,37841.8333333333,34098.6966666667,41484.2866666667,25487.4766666667,Mato Grosso
   DEMAIS,50928665,50928665,51453048,52466465.1433333,53600421.6833333,59698514.4866667,59266494.5533333,29087048.9566667,Mato Grosso
CSLL,68980460,68980460,74112126.6666667,57393782.3166667,61703627.17,74709049.5466667,87501454.41,58462722.36,Mato Grosso
  FINANCEIRAS,588696,588696,449145,460422.336666667,526497.19,539929.226666667,918583.773333333,637596.946666667,Mato Grosso
  DEMAIS,68391765,68391765,73662982,56933359.6466667,61177129.98,74169120.32,86582870.6366667,57825125.4133333,Mato Grosso
CIDE-COMBUSTÍVEIS,177910,177910,207985,209751.63,197932.293333333,192757.02,129198.273333333,129837.676666667,Mato Grosso
CPSSS - Contrib. p/ o Plano de Segurid. Social Serv. Público,24947863,24947863,21116911.3333333,23241836.7766667,23148652.6566667,32734330.8133333,22099684.65,27345762.5333333,Mato Grosso
OUTRAS RECEITAS ADMINISTRADAS,2705805,2705805,2203264,6728857.01333333,5942287.25,3349099.86,-141508.036666667,-1847171.37666667,Mato Grosso
IMPOSTO SOBRE IMPORTAÇÃO,3361484649,3361484649,3368857445.61,3439032082.91667,3797822184.85,3732046368.84667,3773246954.89667,2057902859.32,Brasil
IMPOSTO SOBRE EXPORTAÇÃO,632621,632621,1008237.28666667,705371.04,843298.366666667,453908.226666667,464168.736666667,320744,Brasil
IPI - TOTAL,4297247390,4297247390,4629208431.74,4657222616.7,4670053681.64333,4970964355.99333,4452496353.92667,2403538902.07333,Brasil
  IPI - FUMO,436387132,436387132,461314362.633333,423458382.903333,460609043.613333,456747870.436667,482610824.573333,333582307.433333,Brasil
  IPI - BEBIDAS,230428558,230428558,298745401.366667,190355121.416667,235008330.81,290435062.95,266016566.23,102010862.313333,Brasil
  IPI - AUTOMÓVEIS,297429780,297429780,330235048.366667,409091001.89,382176326.93,357817155.726667,224212329.756667,81046816.24,Brasil
  IPI - VINCULADO À IMPORTACAO,1495853304,1495853304,1470150300.71333,1540029284.00667,1642489148.28,1703691934.45667,1656355507.02667,962403650.243333,Brasil
  IPI - OUTROS,1837148617,1837148617,2068763318.66,2094288826.48333,1949770832.01,2162272332.42333,1823301126.34,924495265.843333,Brasil
IMPOSTO SOBRE A RENDA - TOTAL,34808206392,34808206392,37875496972.07,35457207742.7067,33771724861.6767,37494593250.5467,40811105631.39,23439109891.8967,Brasil
  IRPF,3128071845,3128071845,1541688438.6,5469671936.16667,2957947675.24667,3118503688.86333,2062466208.48333,3618153120.76,Brasil
  IRPJ,13568605842,13568605842,17099098165.3333,11076428533.62,14274418271.4067,12824430589.4467,18473578695.8033,7663680794.05667,Brasil
    ENTIDADES FINANCEIRAS,2014990889,2014990889,2987570349.82667,1190432701.23,2062668205.49333,1321707295.24667,3786043702.98333,741523076.61,Brasil
    DEMAIS EMPRESAS,11553614953,11553614953,14111527815.5067,9885995832.39,12211750065.9133,11502723294.2,14687534992.82,6922157717.44667,Brasil
  IMPOSTO S/ RENDA RETIDO NA FONTE,18111528705,18111528705,19234710368.1367,18911107272.92,16539358915.0233,21551658972.2367,20275060727.1033,12157275977.08,Brasil
    IRRF - RENDIMENTOS DO TRABALHO,10277876590,10277876590,11212788570.4667,10487060452.27,9739796376.13,11274657247,11912807284.4267,7040149608.6,Brasil
    IRRF - RENDIMENTOS DO CAPITAL,4120047269,4120047269,3835058938.51667,5064120509.31667,3391641642.15333,5592358448.45,3911648698.61333,2925455379.14,Brasil
    IRRF - REMESSAS P/ EXTERIOR,2727459780,2727459780,3125817831.43333,2317842867.94667,2363767035.28667,3573667255.32667,3359556001.64667,1624107690.35,Brasil
    IRRF - OUTROS RENDIMENTOS,986145066,986145066,1061045027.72,1042083443.38667,1044153861.45333,1110976021.46,1091048742.41667,567563298.99,Brasil
IMPOSTO S/ OPERAÇÕES FINANCEIRAS,3032138139,3032138139,3095929849.33,3409936380.34,3442750243.62,3681308911.29,3450945723.57667,1111957724.72667,Brasil
IMPOSTO TERRITORIAL RURAL,105197241,105197241,27676316.92,23047107.6933333,372925373.023333,167451635.716667,27097342.87,12985668.5166667,Brasil
COFINS,18357473508,18357473508,20866308552.28,20786588051.8233,20969346552.92,21139866432.6133,20004971549.5,6377759906.44333,Brasil
   FINANCEIRAS,1373995989,1373995989,1695974187.51667,1619363708.28,1801140372.31667,1328020316.35667,1269212405.60667,530264944.646667,Brasil
   DEMAIS,16983477518,16983477518,19170334364.7633,19167224343.5433,19168206180.6033,19811846116.2567,18735759143.8933,5847494961.79667,Brasil
CONTRIBUIÇÃO PARA O PIS/PASEP,5030718742,5030718742,5774614991.00333,5525234712.87,5589851545.24333,5685929023.46667,5749312053.6,1859370125.39,Brasil
   FINANCEIRAS,229542610,229542610,275947731.58,277672807.853333,291686066.403333,216340049.77,227657993.913333,87951009.9533333,Brasil
   DEMAIS,4801176132,4801176132,5498667259.42333,5247561905.01667,5298165478.84,5469588973.69667,5521654059.68667,1771419115.43667,Brasil
CSLL,7178674477,7178674477,9478302628.46667,5838355447.23,7471733813.89,6661875490.93,9644475121.26,3977304357.65333,Brasil
  FINANCEIRAS,1328246569,1328246569,2403927135.83667,686568454.846667,1258829424.86,655816909.723333,2517142222.61667,447195265.183333,Brasil
  DEMAIS,5850427908,5850427908,7074375492.63,5151786992.38333,6212904389.03,6006058581.20667,7127332898.64333,3530109092.47,Brasil
CIDE-COMBUSTÍVEIS,192275202,192275202,234917493,227737627.523333,217248249.94,233786868.206667,214314504.343333,25646467.9933333,Brasil
CPSSS - Contrib. p/ o Plano de Segurid. Social Serv. Público,2651278581,2651278581,2592601204.15333,2651939125.58333,2540064955.49,3326157033.52667,2721447392.06333,2075461775.29667,Brasil
OUTRAS RECEITAS ADMINISTRADAS,1696052709,1696052709,1776496953.13667,1767978077.30667,2003423319.81,1812610716.33667,2008309550.82667,807497634.89,Brasil
Comércio,90.7666666666667,104.9,89.5,90.6333333333333,93.1333333333333,108.333333333333,90.9333333333333,83.4333333333333,Brasil
Comércio,73.3,84.9333333333333,70.6,71.3333333333333,72.4666666666667,85.4333333333333,69.2333333333333,63.8666666666667,Goiás
Comércio,92.1666666666667,105.3,89.6666666666667,87.2666666666667,92.9333333333333,104.833333333333,90.7333333333333,86.9666666666667,Mato Grosso do Sul
Comércio,89.4666666666667,99.3666666666667,87.8,87.1333333333333,94.7666666666667,102.966666666667,91.8333333333333,88.1333333333333,Mato Grosso
